"","X","ID.Final","minR","maxR","Rdiff","meanX","minX","maxX","Xdiff","minY","maxY","Ydiff","minT","maxT","Tdiff","minAngle","maxAngle","clicks","RateR","RateT","Error.Indicator","OffShore.Indicator","Shelf.Indicator","Beginning","End","T.Indicator","maxW.Indicator","minW.Indicator","maxY.Indicator","ID","X","maxY","minY","Wmax.I","Wmin.I","Detections In Zone","Total Detections","First","Last"
"1",1,1006,982.8147517,3369.340773,2386.5260213,805.045856835034,633.0025008,1088.755559,455.7530582,-53.46341245,3298.8768,3352.34021245,523,534,11,11.59526125,92.96743966,588,0.24638323435489,53.4545454545455,0,1,0,NA,NA,1,1,1,1,1006,805.045856835034,3298.8768,-53.46341245,1,1,8,8,1,8
"2",2,1042,2024.481499,3999.901638,1975.420139,1900.28584114462,1772.681741,2023.248993,250.567252,70.63181859,3535.324613,3464.69279441,519,531,12,27.88932382,88.00064221,325,0.164521963497103,27.0833333333333,0,1,0,NA,NA,1,1,1,1,1042,1900.28584114462,3535.324613,70.63181859,1,1,6,7,1,7
"3",3,1043,1931.331659,4051.037565,2119.705906,1886.32116664905,1706.739939,2061.159857,354.419918,-590.2747655,3664.36412,4254.6388855,521,535,14,25.23732871,106.6504601,681,0.321270982956822,48.6428571428571,0,1,0,NA,NA,1,1,1,1,1043,1886.32116664905,3664.36412,-590.2747655,1,1,9,10,1,9
"4",4,1044,2250.232173,3094.144791,843.912618,2288.17829615291,2236.682959,2411.059376,174.376417,-2040.006672,-115.5933438,1924.4133282,531,537,6,92.94458585,131.4545721,412,0.488202203892157,68.6666666666667,0,1,0,NA,NA,1,1,1,1,1044,2288.17829615291,-115.5933438,-2040.006672,1,1,4,5,8,11
"5",5,1045,1658.55767,3095.011257,1436.453587,1650.4769265356,1530.970211,1785.19864,254.228429,-167.3212239,2556.014119,2723.3353429,523,533,10,34.09033475,95.56332819,323,0.224859336161761,32.3,0,1,0,NA,NA,1,1,1,1,1045,1650.4769265356,2556.014119,-167.3212239,1,1,6,6,2,8
"6",6,2001,845.2958301,2233.907454,1388.6116239,868.961003816568,674.8188751,1079.212206,404.3933309,-2018.800864,967.2623156,2986.0631796,47,53,6,35.92696579,154.6499355,169,0.121704295924985,28.1666666666667,0,0,1,1,1,1,1,1,1,2001,868.961003816568,967.2623156,-2018.800864,1,1,5,6,6,11
"7",7,2016,3544.852521,4677.048125,1132.195604,3388.98781015157,3232.096538,3469.126794,237.030256,890.2000891,3344.630049,2454.4299599,54,63,9,44.34734253,75.47230625,508,0.448685720210586,56.4444444444444,0,1,0,1,2,1,1,1,1,2016,3388.98781015157,3344.630049,890.2000891,1,1,6,6,1,6
"8",8,2017,2586.134492,3432.291853,846.157361,2483.10716288501,2314.368511,2570.663105,256.294594,300.1077585,2484.951785,2184.8440265,58,65,7,43.55333645,83.34127157,687,0.811905718326547,98.1428571428571,0,1,0,1,1,1,1,1,1,2017,2483.10716288501,2484.951785,300.1077585,1,1,5,5,3,7
"9",9,2018,902.6607587,2333.969018,1431.3082593,849.98595146888,692.8780443,1040.845448,347.9674037,-246.6399823,2196.98572,2443.6257023,61,69,8,19.72746975,103.5955487,964,0.67350970256502,120.5,0,1,0,2,1,1,1,1,1,2018,849.98595146888,2196.98572,-246.6399823,1,1,6,6,3,8
"10",10,2019,2098.24506,3102.052503,1003.807443,2018.63746106017,1942.317549,2088.851129,146.53358,198.3262331,2380.186191,2181.8599579,58,66,8,39.88850624,84.5763337,349,0.347676242524135,43.625,0,1,0,1,1,1,1,1,1,2019,2018.63746106017,2380.186191,198.3262331,1,1,4,4,3,7
"11",11,2020,3020.130188,4647.671198,1627.54101,2859.89289205872,2641.591882,2968.736141,327.144259,602.2606827,3783.044015,3180.7833323,73,83,10,35.51481168,78.51856379,579,0.355751404383967,57.9,0,0,1,2,1,1,1,1,1,2020,2859.89289205872,3783.044015,602.2606827,1,1,6,7,1,6
"12",12,2021,3331.987869,3799.676681,467.688812,3288.4853147792,3157.790469,3355.284909,197.49444,129.1027145,1969.267057,1840.1643425,85,91,6,58.09403055,87.78812087,779,1.66563744954412,129.833333333333,0,0,1,1,2,1,1,1,1,2021,3288.4853147792,1969.267057,129.1027145,1,1,4,4,4,7
"13",13,2022,2710.856534,3695.569812,984.713278,2257.56376464202,2179.599269,2344.184222,164.584953,1373.006236,2929.129474,1556.123238,98,103,5,37.57032979,59.57008907,771,0.782969029894608,154.2,0,0,1,1,1,1,1,1,1,2022,2257.56376464202,2929.129474,1373.006236,1,1,4,4,2,5
"14",14,2023,1161.25764,2162.416619,1001.158979,825.847722288699,757.5394776,898.8878413,141.3483637,747.6049243,2023.83253,1276.2276057,99,104,5,20.62395427,49.92507649,469,0.468457068095675,93.8,0,0,1,1,1,1,1,1,1,2023,825.847722288699,2023.83253,747.6049243,1,1,4,4,3,6
"15",15,2024,2655.175318,3463.408434,808.233116,1970.51199736968,1884.233675,2080.488446,196.254771,1649.704154,2832.770262,1183.066108,100,104,4,35.12349307,51.58768456,376,0.465212316294152,94,0,0,1,2,1,1,1,1,1,2024,1970.51199736968,2832.770262,1649.704154,1,1,3,3,2,4
"16",16,2025,3459.606618,4358.331487,898.724869000001,3035.64477862889,2911.062164,3176.544255,265.482091,1561.787304,3077.589823,1515.802519,21,28,7,45.07834352,63.16423707,706,0.785557431815097,100.857142857143,0,0,1,2,2,1,1,1,1,2025,3035.64477862889,3077.589823,1561.787304,1,1,4,4,1,4
"17",17,2026,13331.02944,14544.52911,1213.49967,11982.8974789036,11642.83558,12386.62545,743.789869999999,-8604.494808,-5309.515762,3294.979046,29,35,6,113.4013576,126.4129909,529,0.435929249160818,88.1666666666667,1,0,1,2,2,1,0,1,1,2026,11982.8974789036,-5309.515762,-8604.494808,0,1,0,7,Inf,-Inf
"18",18,2027,2117.951009,4733.644935,2615.693926,1760.00467500546,1323.581118,1959.946083,636.364965,-4542.736779,-1207.603997,3335.132782,36,46,10,124.7625167,163.6724515,183,0.0699623140846029,18.3,1,0,1,2,1,1,1,1,1,2027,1760.00467500546,-1207.603997,-4542.736779,1,1,2,8,10,11
"19",19,2034,8848.17829,9730.947782,882.769491999999,8851.5906200979,8587.594622,8996.310156,408.715533999999,-2967.292592,4576.523063,7543.815655,114,125,11,61.94586109,108.4067544,143,0.161990192565468,13,0,0,1,2,2,1,0,1,1,2034,8851.5906200979,4576.523063,-2967.292592,0,1,7,12,2,11
"20",20,2040,2853.114147,3195.47855,342.364403,2062.02818545038,1981.597571,2136.886857,155.289286,1948.314799,2419.890488,471.575689,66,68,2,40.77451497,46.93145239,131,0.382633237720103,65.5,0,1,0,2,1,0,1,1,1,2040,2062.02818545038,2419.890488,1948.314799,1,1,2,2,3,4
"21",21,2041,2429.971893,2728.919784,298.947891,2242.18058561905,2188.073064,2300.61237,112.539306,844.6536787,1577.223208,732.5695293,67,70,3,54.69240168,69.65954889,189,0.63221720470341,63,0,1,0,2,1,1,1,1,1,2041,2242.18058561905,1577.223208,844.6536787,1,1,3,3,4,6
"22",22,2042,1687.021999,2096.063646,409.041647,1535.97364397076,1469.108075,1591.40912,122.301045,605.1437319,1464.807825,859.6640931,67,70,3,45.66620766,69.18039063,513,1.25415102291528,171,0,1,0,1,1,1,1,1,1,2042,1535.97364397076,1464.807825,605.1437319,1,1,2,2,5,6
"23",23,2043,461.3625829,571.6119841,110.2494012,501.009648790826,451.0229993,531.0332684,80.0102691,-314.1690287,-39.56593989,274.60308881,71,72,1,94.91969897,123.3409494,109,0.988667501261676,109,0,1,0,2,1,0,1,1,1,2043,501.009648790826,-39.56593989,-314.1690287,1,1,1,1,8,8
"24",24,2044,3343.31061,3697.819002,354.508392,2894.55774451563,2764.323626,2943.766717,179.443091,1584.917458,2343.669449,758.751991,78,81,3,50.66914364,61.70209847,64,0.180531692462727,21.3333333333333,0,0,1,2,2,1,1,1,1,2044,2894.55774451563,2343.669449,1584.917458,1,1,2,2,3,4
"25",25,2045,4230.007975,4409.867638,179.859662999999,4115.18950013077,4015.813346,4163.001481,147.188135,804.6787205,1822.134944,1017.4562235,83,85,2,65.59432958,79.06007485,130,0.722785742126074,65,0,0,1,1,2,0,1,1,1,2045,4115.18950013077,1822.134944,804.6787205,0,1,3,3,4,6
"26",26,2046,3516.292894,3595.357354,79.0644600000001,3547.08758670312,3512.599649,3577.372021,64.7723719999999,-511.0530025,219.2130319,730.2660344,89,92,3,86.43050466,98.17873739,320,4.04733049463691,106.666666666667,0,0,1,1,2,1,1,1,1,2046,3547.08758670312,219.2130319,-511.0530025,0,1,3,3,7,9
"27",27,2047,2686.615681,4297.804215,1611.188534,2704.74959334901,2491.133103,3139.895173,648.76207,-1586.231763,2996.975178,4583.206941,80,97,17,45.56948193,119.7102804,957,0.593971456353475,56.2941176470588,1,0,1,1,2,1,1,1,1,2047,2704.74959334901,2996.975178,-1586.231763,1,1,10,10,2,11
"28",28,2048,403.135767,3285.92952,2882.793753,359.675088783231,199.0198465,605.4091839,406.3893374,-1146.329516,3271.371262,4417.700778,100,113,13,5.25105541,159.1719442,811,0.281324322683864,62.3846153846154,0,0,1,1,1,1,1,1,1,2048,359.675088783231,3271.371262,-1146.329516,1,0,10,10,1,10
"29",29,2054,841.125509,3846.526039,3005.40053,785.186601244477,636.5344974,1068.695084,432.1605866,-1380.293815,3755.207391,5135.501206,126,139,13,12.50967844,144.7390715,679,0.225926625493741,52.2307692307692,0,1,0,1,2,1,1,1,1,2054,785.186601244477,3755.207391,-1380.293815,1,1,9,10,2,10
"30",30,2055,2252.754195,3958.064953,1705.310758,2262.7545124125,2076.513158,2421.413691,344.900533,-2122.823526,3248.096506,5370.920032,127,143,16,34.82562852,132.0136641,720,0.422210436791251,45,0,1,0,2,1,1,1,1,1,2055,2262.7545124125,3248.096506,-2122.823526,1,1,11,12,1,11
"31",31,2056,4290.604894,5002.161641,711.556747,4277.9835744188,4219.24114,4354.377731,135.136590999999,-2499.153425,-633.2094645,1865.9439605,135,141,6,98.4867721,119.9745541,117,0.16442820687638,19.5,0,1,0,2,2,1,1,1,1,2056,4277.9835744188,-633.2094645,-2499.153425,0,1,2,3,9,11
"32",32,3001,1292.605184,8049.514912,6756.909728,1389.70202519619,1072.925252,3052.140609,1979.215357,-230.4765857,7473.03147,7703.5080557,239,265,26,20.76156722,99.34109216,525,0.0776982409317161,20.1923076923077,1,0,1,1,1,1,1,1,0,3001,1389.70202519619,7473.03147,-230.4765857,1,1,7,12,2,8
"33",33,3002,1541.888362,6159.986741,4618.098379,1676.16494528323,1273.226128,2850.68496,1577.458832,-189.0041617,5497.53224,5686.5364017,241,262,21,26.81619012,96.71722035,632,0.136852866295337,30.0952380952381,1,0,1,1,1,1,1,1,1,3002,1676.16494528323,5497.53224,-189.0041617,1,1,7,11,1,8
"34",34,3003,1370.184858,1621.662368,251.47751,1438.75048447493,1222.343128,1573.748375,351.405247,-561.0667797,840.7120098,1401.7787895,260,265,5,56.33661605,110.2418214,339,1.34803307063125,67.8,0,0,1,2,1,1,1,1,1,3003,1438.75048447493,840.7120098,-561.0667797,1,1,4,4,6,9
"35",35,3004,3258.582668,4550.118983,1291.536315,3056.35530199371,2965.966628,3199.494418,233.52779,638.149393,3393.62235,2755.472957,251,260,9,41.7694413,78.70643498,159,0.123109198056115,17.6666666666667,0,0,1,1,1,1,1,1,1,3004,3056.35530199371,3393.62235,638.149393,1,1,5,5,1,6
"36",36,3005,1167.524931,4365.16402,3197.639089,965.764812571548,717.3834483,1061.013261,343.6298127,510.6198245,4278.096635,3767.4768105,266,275,9,10.01874516,64.06494777,239,0.0747426439782304,26.5555555555556,0,0,1,1,1,1,1,1,1,3005,965.764812571548,4278.096635,510.6198245,1,1,5,6,1,6
"37",37,3006,569.3058107,1853.578444,1284.2726333,585.863560612614,429.1336446,816.0330042,386.8993596,-1644.285942,1798.249049,3442.534991,287,298,11,14.03448658,157.6733734,547,0.425922024511616,49.7272727272727,0,0,1,1,2,1,1,1,1,3006,585.863560612614,1798.249049,-1644.285942,1,1,8,8,4,11
"38",38,3007,3189.260768,4185.515517,996.254749,3133.19352173342,3014.487467,3462.521534,448.034067,-2488.03717,2006.352347,4494.389517,301,312,11,56.35347637,126.472755,754,0.756834535300168,68.5454545454545,0,0,1,1,1,1,1,1,1,3007,3133.19352173342,2006.352347,-2488.03717,1,1,6,7,3,10
"39",39,3008,1036.578617,3011.183737,1974.60512,1144.54809835215,896.6282024,1280.627729,383.9995266,-2781.858526,678.6213683,3460.4798943,313,324,11,52.87942359,158.0476131,629,0.318544702244062,57.1818181818182,0,0,1,1,1,1,1,1,1,3008,1144.54809835215,678.6213683,-2781.858526,1,1,6,8,6,11
"40",40,3009,1359.891853,1556.63966,196.747807,1298.96938893825,1211.290064,1382.824176,171.534112,71.54505692,926.9400731,855.39501618,325,329,4,53.45351465,87.03828222,502,2.55148968445681,125.5,0,0,1,1,2,1,1,1,1,3009,1298.96938893825,926.9400731,71.54505692,1,1,2,2,6,7
"41",41,3026,2329.115582,3791.304138,1462.188556,2183.02159053807,1844.048733,2310.12071,466.071977,316.0045699,3312.62303,2996.6184601,436,441,5,29.10352826,82.2023307,394,0.269459091567394,78.8,0,0,1,1,1,1,1,1,1,3026,2183.02159053807,3312.62303,316.0045699,1,1,5,5,1,7
"42",42,3028,1144.246931,2155.860389,1011.613458,1295.28946778037,1024.179381,1504.608318,480.428937,-1655.499854,559.5770373,2215.0768913,454,461,7,61.3493192,140.1663418,601,0.594100439498107,85.8571428571429,0,0,1,1,1,1,1,1,1,3028,1295.28946778037,559.5770373,-1655.499854,1,1,6,6,6,11
"43",43,3033,5280.300957,5548.965788,268.664831,5314.60044930092,5202.957079,5388.682122,185.725043,-1522.112417,1324.579393,2846.69181,472,480,8,75.75153122,105.9206749,545,2.02854984022825,68.125,0,0,1,1,1,1,1,1,1,3033,5314.60044930092,1324.579393,-1522.112417,0,1,7,7,5,11
"44",44,3034,3936.052552,4450.974976,514.922424,4000.05772802041,3909.707727,4102.384566,192.676839,-1931.613361,832.4812364,2764.0945974,472,481,9,78.05883059,115.7201522,686,1.33223951419913,76.2222222222222,0,0,1,1,1,1,1,1,1,3034,4000.05772802041,832.4812364,-1931.613361,0,1,6,6,6,11
"45",45,3035,5050.640498,5460.351998,409.7115,4881.52461138053,4834.565335,4970.674232,136.108897,-2368.797462,-1278.986711,1089.810751,477,480,3,104.6689197,115.9877726,113,0.275803827815426,37.6666666666667,0,0,1,2,2,1,1,1,1,3035,4881.52461138053,-1278.986711,-2368.797462,0,1,2,3,10,11
"46",46,3036,2861.285108,3356.777228,495.49212,2066.72495535033,1930.301355,2225.164045,294.86269,1798.776651,2678.318636,879.541985,485,488,3,36.3135545,51.04865969,451,0.910206200655623,150.333333333333,0,0,1,1,1,1,1,1,1,3036,2066.72495535033,2678.318636,1798.776651,1,1,3,3,2,4
"47",47,3037,3081.396665,3371.12423,289.727565,3013.35600783614,2901.33072,3065.994439,164.663719,307.7068554,1581.32246,1273.6156046,483,488,5,62.02551476,84.26894787,415,1.43238010508251,83,0,0,1,1,1,1,1,1,1,3037,3013.35600783614,1581.32246,307.7068554,1,1,4,4,4,7
"48",48,3038,1014.432752,3073.501995,2059.069243,884.095401669565,697.2113116,1158.820932,461.6096204,531.3128535,2902.297945,2370.9850915,488,496,8,19.21387367,58.41564367,552,0.268082291004334,69,0,0,1,1,1,1,1,1,1,3038,884.095401669565,2902.297945,531.3128535,1,1,5,5,2,6
"49",49,3039,484.4129433,3006.220618,2521.8076747,464.787770083438,329.685024,742.5673369,412.8823129,-1849.043373,2913.066452,4762.109825,488,502,14,12.29941107,162.1427896,477,0.189150031061249,34.0714285714286,0,0,1,1,1,1,1,1,1,3039,464.787770083438,2913.066452,-1849.043373,1,0,7,7,2,11
"50",50,3040,861.6981619,3248.219628,2386.5214661,826.244040966444,288.0311686,1252.570764,964.5395954,-1166.479223,3227.307613,4393.786836,494,508,14,5.642727059,133.9188497,599,0.25099292359556,42.7857142857143,1,0,1,1,1,1,1,1,1,3040,826.244040966444,3227.307613,-1166.479223,1,1,9,9,1,10
"51",51,3059,2228.124705,2776.237561,548.112856,2140.83978189501,2043.537597,2220.353889,176.816292,185.9255487,1879.215018,1693.2894693,512,518,6,47.39871246,85.21342642,581,1.06000067985999,96.8333333333333,0,0,1,1,1,1,1,1,1,3059,2140.83978189501,1879.215018,185.9255487,1,1,4,4,4,7
"52",52,3060,4010.553665,4751.53567,740.982005,4108.50010568615,4004.914003,4249.694204,244.780201,-2289.903045,270.4762072,2560.3792522,509,517,8,86.15345853,118.8115094,650,0.877214285386053,81.25,0,0,1,1,1,1,1,1,1,3060,4108.50010568615,270.4762072,-2289.903045,0,1,5,6,7,11
"53",53,3061,3518.514788,5499.992992,1981.478204,2255.96099153623,2158.322087,2359.083043,200.760956,2656.657097,5021.454185,2364.797088,166,173,7,24.07773676,40.97021355,345,0.174112437524445,49.2857142857143,0,1,0,1,1,1,1,1,1,3061,2255.96099153623,5021.454185,2656.657097,1,1,2,6,1,2
"54",54,3088,708.9122388,791.2114515,82.2992127,700.653209701932,644.8227887,791.0222474,146.1994587,17.30217203,312.8874205,295.58524847,220,221,1,64.1887791,88.74699064,414,5.0304247928729,414,0,0,1,1,1,0,1,1,1,3088,700.653209701932,312.8874205,17.30217203,1,1,1,1,7,7
"55",55,3089,11021.40017,11372.10984,350.709669999998,9525.41636653521,8845.249216,10081.81072,1236.561504,-7147.478473,-4452.904022,2694.574451,222,224,2,113.8299861,128.9402838,355,1.01223328116388,177.5,1,0,1,2,1,0,0,1,1,3089,9525.41636653521,-4452.904022,-7147.478473,0,1,0,7,Inf,-Inf
"56",56,3110,2093.268382,3708.423275,1615.154893,1941.87681598472,1840.276049,2088.548629,248.27258,649.998162,3098.03002,2448.031858,538,545,7,33.34212851,71.90955664,458,0.283564134922879,65.4285714285714,0,0,1,1,1,1,1,1,1,3110,1941.87681598472,3098.03002,649.998162,1,1,6,6,1,6
"57",57,3111,1259.146291,3269.263286,2010.116995,779.892884452841,692.8087394,876.4156272,183.6068878,989.7174051,3171.661474,2181.9440689,540,547,7,14.03551026,38.18466091,176,0.0875570926656436,25.1428571428571,0,0,1,1,1,1,1,1,1,3111,779.892884452841,3171.661474,989.7174051,1,1,5,5,1,6
"58",58,3112,273.6536269,413.3525781,139.6989512,212.401765981944,151.479689,390.9763212,239.4966322,125.7271413,286.6846653,160.957524,547,549,2,32.42915078,71.06133594,144,1.03078798203605,72,0,0,1,2,1,0,1,1,1,3112,212.401765981944,286.6846653,125.7271413,1,0,1,1,7,7
"59",59,3113,1232.718617,4560.18145,3327.462833,1054.74337361132,945.7767377,1174.169121,228.3923833,636.2761454,4442.128056,3805.8519106,551,559,8,13.06553973,58.92520993,424,0.127424413518611,53,0,0,1,1,1,1,1,1,1,3113,1054.74337361132,4442.128056,636.2761454,1,1,4,6,2,6
"60",60,3141,723.2914122,2026.875888,1303.5844758,443.569013854592,361.2829359,528.9321706,167.6492347,571.79797,1960.489039,1388.691069,633,638,5,14.70475525,37.76308115,196,0.150354659508902,39.2,0,0,1,1,1,1,1,1,1,3141,443.569013854592,1960.489039,571.79797,1,0,2,2,4,6
"61",61,3147,2016.367386,2229.460491,213.093105,2040.40574532129,1999.416346,2104.122988,104.706642,-773.1254495,-67.39998588,705.72546362,670,671,1,91.9155837,110.290343,498,2.33700663379043,498,0,0,1,1,1,0,1,1,1,3147,2040.40574532129,-67.39998588,-773.1254495,1,1,2,2,8,9
"62",62,3161,349.6176664,350.1420138,0.524347399999954,286.295817839073,239.9260843,308.8346798,68.9085955,164.9865763,254.2990105,89.3124342,709,710,1,43.33422398,61.88786596,151,287.977016764102,151,0,0,1,1,1,0,1,1,1,3161,286.295817839073,254.2990105,164.9865763,1,0,1,1,7,7
"63",63,3162,1878.996919,1978.450513,99.4535940000001,1782.56776873939,1741.629461,1829.395614,87.766153,-901.5812486,-428.8835629,472.6976857,711,711,0,103.1941795,117.1100683,165,1.6590652319714,Inf,0,0,1,1,1,0,1,1,1,3162,1782.56776873939,-428.8835629,-901.5812486,1,1,2,2,8,9
"64",64,3163,1006.588534,1087.587219,80.998685,847.785441390732,814.1280158,879.6900931,65.5620773000001,508.6705002,681.0021702,172.33167,715,715,0,51.2327367,59.64602712,205,2.53090528568458,Inf,0,0,1,2,1,0,1,1,1,3163,847.785441390732,681.0021702,508.6705002,1,1,1,1,6,6
"65",65,3171,3166.924878,3926.32897,759.404092,2571.80247225225,2463.407893,2742.9882,279.580307,1758.086808,3030.805838,1272.71903,747,751,4,39.47353469,56.2796591,222,0.292334479546102,55.5,0,0,1,1,1,1,1,1,1,3171,2571.80247225225,3030.805838,1758.086808,1,1,4,4,1,4
"66",66,3172,577.0207128,2065.914193,1488.8934802,377.616558152676,248.8103459,456.3843541,207.5740082,464.3468096,2032.408547,1568.0617374,330,335,5,9.284119898,36.41566924,355,0.238432100563912,71,0,1,0,1,1,1,1,1,1,3172,377.616558152676,2032.408547,464.3468096,1,0,5,5,3,7
"67",67,3173,87.48818611,736.0678708,648.57968469,154.872333900641,36.51214334,337.5727371,301.06059376,-716.9155122,258.2417723,975.1572845,335,337,2,24.66664591,167.1257951,156,0.240525572543277,78,0,1,0,1,1,0,1,1,1,3173,154.872333900641,258.2417723,-716.9155122,1,0,3,3,7,9
"68",68,3174,3243.082727,4055.372067,812.28934,3218.73022483016,3038.963799,3358.501748,319.537949,-1067.287372,2556.427727,3623.715099,338,350,12,50.63845219,107.8390359,1154,1.4206760364478,96.1666666666667,0,0,1,1,1,1,1,1,1,3174,3218.73022483016,2556.427727,-1067.287372,1,1,9,9,2,10
"69",69,3175,2498.501376,2886.126281,387.624905,2549.85441714947,2417.890738,2638.837609,220.946871,-1302.369351,663.9603737,1966.3297247,351,356,5,74.64491763,116.824061,756,1.95033907844492,151.2,0,0,1,1,1,1,1,1,1,3175,2549.85441714947,663.9603737,-1302.369351,1,1,5,5,6,10
"70",70,3176,355.0909467,1097.398345,742.3073983,251.551041528148,206.4234169,305.1902558,98.7668389,233.1868731,1074.790695,841.6038219,363,367,4,11.57110885,48.95162769,405,0.545596071017901,101.25,0,0,1,1,1,1,1,1,1,3176,251.551041528148,1074.790695,233.1868731,1,0,3,3,5,7
"71",71,3177,1575.892232,2745.081753,1169.189521,1153.36264157321,1043.661397,1305.996284,262.334887,1043.135405,2431.036867,1387.901462,361,366,5,27.33503348,48.55253973,321,0.274549159254738,64.2,0,0,1,2,1,1,1,1,1,3177,1153.36264157321,2431.036867,1043.135405,1,1,3,3,3,5
"72",72,3178,1060.920411,3075.862616,2014.942205,537.627378133739,479.0402046,610.1885203,131.1483157,904.683734,3018.335553,2113.651819,357,364,7,11.09863649,31.48963436,329,0.163280117505901,47,0,0,1,1,1,1,1,1,1,3178,537.627378133739,3018.335553,904.683734,1,1,6,6,1,6
"73",73,3179,434.7916202,1624.372274,1189.5806538,485.699330444017,273.9411672,771.8020273,497.8608601,-1529.890341,591.5335636,2121.4239046,365,371,6,27.70850993,160.3620637,468,0.39341594746436,78,0,0,1,1,1,1,1,1,1,3179,485.699330444017,591.5335636,-1529.890341,1,0,6,6,6,11
"74",74,3180,1927.255156,2155.108795,227.853639,1835.27612540385,1707.662822,1899.655285,191.992463,478.8790579,1171.759674,692.8806161,368,371,3,57.06329353,75.61260517,312,1.36930005318019,104,0,0,1,1,1,1,1,1,1,3180,1835.27612540385,1171.759674,478.8790579,1,1,3,3,5,7
"75",75,3182,901.0098458,4947.818441,4046.8085952,871.982175536083,517.2879882,1379.608188,862.3201998,-2631.244626,4815.387986,7446.632612,407,431,24,11.31513641,168.1238633,1103,0.272560456975477,45.9583333333333,1,0,1,1,1,1,1,1,1,3182,871.982175536083,4815.387986,-2631.244626,1,1,10,15,1,11
"76",76,3183,1322.79523,5178.753945,3855.958715,1170.87126074361,914.3032376,1574.042153,659.7389154,598.9356694,5009.492067,4410.5563976,405,421,16,13.05820666,63.07781468,532,0.137968282163,33.25,1,0,1,1,1,1,1,1,1,3183,1170.87126074361,5009.492067,598.9356694,1,1,6,10,1,6
"77",77,3200,701.624854,1316.008549,614.383695,724.015154173624,484.018825,923.5177421,439.4989171,-1014.295652,970.2459115,1984.5415635,276,283,7,27.20523257,140.4201106,436,0.709654249532127,62.2857142857143,0,0,1,2,1,1,1,1,1,3200,724.015154173624,970.2459115,-1014.295652,1,1,5,5,6,10
"78",78,3209,1838.345451,2926.86254,1088.517089,1968.58608792759,1830.415253,2069.404435,238.989182,-2140.555863,-142.1525023,1998.4033607,371,377,6,94.43493313,136.9995929,580,0.532834997136182,96.6666666666667,0,0,1,1,1,1,1,1,1,3209,1968.58608792759,-142.1525023,-2140.555863,1,1,4,5,8,11
"79",79,3210,1058.319388,1543.539584,485.220196,1040.59359131856,907.1422617,1232.335906,325.1936443,-1090.721176,-24.07125284,1066.64992316,369,372,3,91.30332554,134.9619425,334,0.688347275635658,111.333333333333,0,0,1,2,1,1,1,1,1,3210,1040.59359131856,-24.07125284,-1090.721176,1,1,3,3,8,10
"80",80,3211,3595.221216,3740.873087,145.651871,3570.22965056027,3466.616946,3650.579502,183.962556,-796.6371319,1405.951067,2202.5881989,381,390,9,67.92409345,102.4032504,730,5.01195072186886,81.1111111111111,0,0,1,1,1,1,1,1,1,3211,3570.22965056027,1405.951067,-796.6371319,0,1,5,5,5,9
"81",81,3212,5695.619063,6185.753971,490.134908,5659.582226888,5475.432656,5905.440052,430.007396,-2279.268807,2625.640368,4904.909175,387,404,17,64.48689637,111.6213693,625,1.27515912414873,36.7647058823529,0,0,1,1,2,1,1,1,1,3212,5659.582226888,2625.640368,-2279.268807,0,1,8,9,2,11
"82",82,3214,4157.129901,5190.500558,1033.370657,4160.0737114592,3935.472839,4330.269293,394.796454,-2164.300684,3214.410389,5378.711073,6,20,14,51.73592015,116.9351472,956,0.925127875002164,68.2857142857143,0,0,1,1,1,1,1,1,1,3214,4160.0737114592,3214.410389,-2164.300684,0,1,9,10,1,11
"83",83,3215,4640.778222,4807.576981,166.798759,4654.90615444767,4627.161335,4690.906301,63.7449660000002,-1069.86572,-95.25878898,974.60693102,432,435,3,91.17619523,102.8581478,172,1.03118273200102,57.3333333333333,0,0,1,2,2,1,1,1,1,3215,4654.90615444767,-95.25878898,-1069.86572,0,1,3,3,8,10
"84",84,3217,1440.642273,1665.922947,225.280674,1454.31152651599,1319.361639,1595.661935,276.300296,-574.0606736,772.1807513,1346.2414249,442,446,4,60.50809944,110.1568197,719,3.19157425816295,179.75,0,0,1,2,1,1,1,1,1,3217,1454.31152651599,772.1807513,-574.0606736,1,1,4,4,6,9
"85",85,3218,2597.574299,4331.024466,1733.450167,2515.92672321212,2424.695667,2672.446584,247.750917,-3543.932558,-832.7370374,2711.1955206,444,451,7,108.6981986,144.9116977,231,0.133260248490316,33,0,0,1,1,2,1,1,1,1,3218,2515.92672321212,-832.7370374,-3543.932558,1,1,3,7,9,11
"86",86,3219,3767.596116,6332.620328,2565.024212,3747.37064084466,3542.999072,3866.178898,323.179826,-5248.736781,-733.8280629,4514.9087181,462,471,9,101.2315314,145.9799392,618,0.24093339825363,68.6666666666667,0,0,1,2,2,1,1,1,1,3219,3747.37064084466,-733.8280629,-5248.736781,0,1,3,8,9,11
"87",87,3220,1732.168782,3399.066628,1666.897846,1641.72383409136,1438.635464,1847.312411,408.676947,298.7658295,2973.328148,2674.5623185,483,491,8,28.98479567,80.18705606,405,0.242966298727823,50.625,0,0,1,1,1,1,1,1,1,3220,1641.72383409136,2973.328148,298.7658295,1,1,5,5,2,7
"88",88,3221,4329.673916,6482.170607,2152.496691,3745.33992753604,3613.49351,3906.219221,292.725711,1867.492334,5292.687026,3425.194692,144,155,11,35.17068626,64.44840825,222,0.103136047050955,20.1818181818182,0,1,0,2,1,1,1,1,1,3221,3745.33992753604,5292.687026,1867.492334,0,1,3,7,1,4
"89",89,3222,4848.622299,6047.103575,1198.481276,4863.4234364898,4572.34502,5102.80194,530.456920000001,-3389.536349,2761.408899,6150.945248,144,162,18,58.87068453,124.0919697,343,0.286195543367004,19.0555555555556,1,1,0,2,2,1,1,1,1,3222,4863.4234364898,2761.408899,-3389.536349,0,1,10,13,2,11
"90",90,3223,6061.832045,6923.367367,861.535322,6062.13980942958,5886.664303,6230.848381,344.184078,-3319.557203,2517.449364,5837.006567,152,165,13,66.8459071,118.6963525,710,0.824110146002813,54.6153846153846,0,1,0,1,2,1,1,1,1,3223,6062.13980942958,2517.449364,-3319.557203,0,1,10,13,2,11
"91",91,3224,7090.983581,7432.882488,341.898907,6627.27742622222,6495.782165,6799.071952,303.289787000001,-3525.089607,-2100.009084,1425.080523,160,162,2,107.2266685,118.3471112,99,0.289559276069871,49.5,0,1,0,2,2,0,1,1,1,3224,6627.27742622222,-2100.009084,-3525.089607,0,1,0,4,Inf,-Inf
"92",92,3225,1935.705498,3928.636895,1992.931397,1791.79062766295,1647.948419,2000.654065,352.705646,758.099857,3406.501108,2648.401251,167,176,9,29.02583827,66.94343538,359,0.180136657257952,39.8888888888889,0,1,0,1,1,1,1,1,1,3225,1791.79062766295,3406.501108,758.099857,1,1,5,5,1,6
"93",93,3226,2005.09429,2504.912004,499.817714,1697.31053469565,1516.922025,1924.77277,407.850745,1172.872298,1795.107641,622.235343,174,176,2,44.22266084,54.20082955,207,0.414150987853944,103.5,0,1,0,2,1,0,1,1,1,3226,1697.31053469565,1795.107641,1172.872298,1,1,2,2,4,5
"94",94,3227,2789.192422,3827.334571,1038.142149,2688.24296114622,2234.87754,2817.363086,582.485546,257.5485149,3093.432591,2835.8840761,171,181,10,36.0749794,84.72880401,595,0.573139237794303,59.5,1,1,0,1,1,1,1,1,1,3227,2688.24296114622,3093.432591,257.5485149,1,1,5,5,1,7
"95",95,3228,2933.368131,5563.193975,2629.825844,1387.15177375401,1134.603368,1596.031277,461.427909,2494.713294,5372.191109,2877.477815,170,181,11,14.45041778,31.73823617,374,0.142214740513441,34,0,1,0,1,2,1,1,1,1,3228,1387.15177375401,5372.191109,2494.713294,1,1,3,6,1,3
"96",96,3234,804.0289537,3711.030341,2907.0013873,647.081543621957,528.2069297,935.5865846,407.3796549,403.3302326,3615.335831,3212.0055984,182,195,13,10.45614706,59.89169536,419,0.144134778136162,32.2307692307692,0,0,1,1,1,1,1,1,1,3234,647.081543621957,3615.335831,403.3302326,1,1,5,6,2,7
"97",97,3241,4363.179094,4706.159004,342.97991,4089.67086042115,3962.298403,4208.689983,246.39158,1415.665835,2457.157379,1041.491544,196,202,6,58.19554765,71.06731918,558,1.62691744831352,93,0,0,1,2,2,1,1,1,1,3241,4089.67086042115,2457.157379,1415.665835,0,1,3,3,3,5
"98",98,3242,9951.385712,10951.67471,1000.288998,9393.38546921456,9176.480819,10226.23531,1049.754491,3136.844925,4770.926275,1634.08135,203,208,5,62.58072718,71.62611745,522,0.521849186628763,104.4,1,0,1,1,2,1,0,1,1,3242,9393.38546921456,4770.926275,3136.844925,0,1,1,4,1,1
"99",99,3244,2692.224469,2972.012775,279.788306,2681.24188245863,2538.651334,2746.366832,207.715498,-169.2639556,1539.674784,1708.9387396,209,214,5,58.79794985,93.55207653,556,1.98721672091613,111.2,0,0,1,1,1,1,1,1,1,3244,2681.24188245863,1539.674784,-169.2639556,1,1,5,5,4,8
"100",100,3245,1592.086237,2463.884951,871.798714,1500.52279180483,1318.984115,1606.295954,287.311839,116.6896723,1948.004682,1831.3150097,209,216,7,36.09969444,85.8057336,953,1.09314224108846,136.142857142857,0,0,1,1,1,1,1,1,1,3245,1500.52279180483,1948.004682,116.6896723,1,1,4,4,4,7
"101",101,3246,2463.308452,3241.896417,778.587965,2567.90682026699,2455.34281,2758.699708,303.356898,-1928.115413,196.9705901,2125.0860031,210,216,6,85.41366025,126.4948029,618,0.793744609191333,103,0,0,1,1,1,1,1,1,1,3246,2567.90682026699,196.9705901,-1928.115413,1,1,5,5,7,11
"102",102,3248,5659.099557,5811.371381,152.271824,4924.72715331022,4781.147845,5085.646317,304.498471999999,2482.258919,3303.431945,821.173026,217,219,2,55.35831439,63.98342947,274,1.79941365908902,137,0,0,1,2,2,0,1,1,1,3248,4924.72715331022,3303.431945,2482.258919,0,1,3,3,1,3
"103",103,3266,4333.083231,5234.341942,901.258711,4411.96759229391,4256.000027,4680.943521,424.943494,-3047.09687,-265.7351434,2781.3617266,225,232,7,93.51601996,125.600936,279,0.309567049499508,39.8571428571429,0,0,1,1,2,1,1,1,1,3266,4411.96759229391,-265.7351434,-3047.09687,0,1,4,7,8,11
"104",104,3267,6737.635865,7015.316999,277.681133999999,6659.52481854815,6572.166225,6754.374182,182.207957,-2124.737614,-912.6151059,1212.1225081,233,237,4,97.78469695,107.6301756,135,0.486169146802751,33.75,0,0,1,2,2,1,1,1,1,3267,6659.52481854815,-912.6151059,-2124.737614,0,1,3,4,9,11
"105",105,3277,471.7760729,2057.245245,1585.4691721,364.216853331707,283.2739809,476.723055,193.4490741,271.4700028,2016.979473,1745.5094702,543,550,7,11.3546482,54.87087794,82,0.0517197063449607,11.7142857142857,0,0,1,1,1,1,1,1,1,3277,364.216853331707,2016.979473,271.4700028,1,0,5,5,3,7
"106",106,3280,5213.145314,5565.399257,352.253943,5046.48834634348,4937.720257,5107.36647,169.646213,1063.668015,2453.471325,1389.80331,560,564,4,63.5780031,78.22696936,230,0.652938042484879,57.5,0,0,1,2,2,1,1,1,1,3280,5046.48834634348,2453.471325,1063.668015,0,1,3,3,3,5
"107",107,3290,2611.152357,5037.494505,2426.342148,2477.13696686383,2390.703124,2711.670085,320.966961,844.900492,4405.475163,3560.574671,565,575,10,29.00978733,71.38234117,235,0.0968536115954245,23.5,0,0,1,2,2,1,1,1,1,3290,2477.13696686383,4405.475163,844.900492,1,1,6,8,1,6
"108",108,3291,3025.710139,3699.856897,674.146758,2869.72615482317,2756.620899,3141.304934,384.684035,789.9191906,2044.41147,1254.4922794,576,579,3,56.45685811,74.86652312,164,0.24327047197637,54.6666666666667,0,0,1,1,1,1,1,1,1,3291,2869.72615482317,2044.41147,789.9191906,1,1,4,4,3,6
"109",109,3292,5487.82548,5589.873481,102.048000999999,5456.47697325926,5391.566604,5500.134508,108.567904,331.2710819,1376.153222,1044.8821401,578,581,3,75.68146714,86.55329097,459,4.49788330493611,153,0,0,1,2,1,1,1,1,1,3292,5456.47697325926,1376.153222,331.2710819,0,1,3,3,5,7
"110",110,3293,4331.728499,4810.14872,478.420221,4371.53094891895,4253.136914,4626.461435,373.324521,-1898.400561,-120.9258849,1777.4746761,582,586,4,91.59657971,113.2451648,839,1.75368841694507,209.75,0,0,1,1,1,1,1,1,1,3293,4371.53094891895,-120.9258849,-1898.400561,0,1,4,4,8,11
"111",111,3294,6168.581709,6890.111712,721.530003,6185.07734390448,5996.284781,6374.254476,377.969695,-2743.355247,1731.399493,4474.75474,585,592,7,73.89419788,113.4631366,513,0.710989145104199,73.2857142857143,0,0,1,2,2,1,1,1,1,3294,6185.07734390448,1731.399493,-2743.355247,0,1,6,8,4,11
"112",112,3314,8502.629829,10643.34141,2140.711581,8443.78487703648,7841.477633,8699.725021,858.247388,-7092.440743,4356.297093,11448.737836,593,607,14,61.94319049,132.0943559,1590,0.742743681172246,113.571428571429,1,1,0,2,2,1,0,1,1,3314,8443.78487703648,4356.297093,-7092.440743,0,1,6,16,1,11
"113",113,3315,1842.259681,4677.195094,2834.935413,1848.63081433333,1654.008678,2393.418199,739.409521,158.7861176,4055.005816,3896.2196984,610,622,12,29.61598028,85.11223034,384,0.135452821337345,32,1,1,0,1,1,1,1,1,1,3315,1848.63081433333,4055.005816,158.7861176,1,1,6,8,1,7
"114",114,3319,2452.051705,5277.536173,2825.484468,2145.96063437066,1973.532689,2363.06377,389.531081,1167.034972,4742.313393,3575.278421,629,638,9,25.71331606,61.57930533,259,0.0916656958950942,28.7777777777778,0,0,1,1,1,1,1,1,1,3319,2145.96063437066,4742.313393,1167.034972,1,1,5,7,1,5
"115",115,3320,2328.376123,3031.989193,703.61307,2318.2783135164,1990.65261,2605.04124,614.38863,-1202.855731,2241.847475,3444.703206,645,656,11,42.31983502,115.9576515,1067,1.51645847056252,97,1,0,1,1,2,1,1,1,1,3320,2318.2783135164,2241.847475,-1202.855731,1,1,8,8,3,10
"116",116,3324,1307.174873,1437.110247,129.935374,1366.77754832787,1303.037424,1430.210577,127.173153,-178.9709761,116.8756055,295.8465816,659,659,0,85.05543732,97.1539563,122,0.938928301387734,Inf,0,0,1,2,2,0,1,1,1,3324,1366.77754832787,116.8756055,-178.9709761,1,1,2,2,7,8
"117",117,3334,1981.200252,2705.879352,724.6791,1819.94000372583,1641.492215,1947.562651,306.070436,675.5892213,2047.307826,1371.7186047,685,690,5,40.83336388,70.06221586,569,0.785175120960436,113.8,0,0,1,1,1,1,1,1,1,3334,1819.94000372583,2047.307826,675.5892213,1,1,4,4,3,6
"118",118,3336,3198.323494,3379.395968,181.072474,2259.82859152174,2158.119647,2339.488978,181.369331,-2580.66583,-2223.435941,357.229889,1,2,1,134.0422439,139.7868291,92,0.50808385155217,92,0,0,1,2,2,0,1,1,1,3336,2259.82859152174,-2223.435941,-2580.66583,1,1,0,2,Inf,-Inf
"119",119,3340,847.8872937,1118.009357,270.1220633,906.569138351639,845.0382253,1003.539178,158.5009527,-526.2233274,69.44969832,595.67302572,3,5,2,85.30172028,118.0784116,122,0.451647668130336,61,0,0,1,2,2,0,1,1,1,3340,906.569138351639,69.44969832,-526.2233274,1,1,3,3,7,9
"120",120,3341,2916.776621,4549.107358,1632.330737,2952.30005276341,2700.18589,3139.058129,438.872239,-1521.821477,3299.282432,4821.103909,716,730,14,43.5095925,116.2181549,410,0.25117458778821,29.2857142857143,0,0,1,1,1,1,1,1,1,3341,2952.30005276341,3299.282432,-1521.821477,1,1,11,11,1,11
"121",121,3342,3194.852663,3489.277814,294.425151,3226.49937065678,3145.944021,3294.83678,148.892759,-1419.742844,366.1772975,1785.9201415,725,730,5,83.43472905,114.1727523,236,0.801561956233828,47.2,0,0,1,2,1,1,1,1,1,3342,3226.49937065678,366.1772975,-1419.742844,1,1,3,3,7,10
"122",122,3343,5896.27771,8308.382314,2412.104604,5979.25171687773,5646.207868,6409.90041,763.692542,-5899.334548,2369.148432,8268.48298,731,746,15,67.23710619,135.2387155,777,0.32212533349984,51.8,1,0,1,2,1,1,1,1,1,3343,5979.25171687773,2369.148432,-5899.334548,0,1,9,17,3,11
"123",123,3345,1747.180217,1858.283722,111.103505,323.224557341176,264.8603693,360.5894528,95.7290835,-1824.808229,-1714.734718,110.073511,657,657,0,168.8111579,171.2808041,17,0.153010474332021,Inf,0,0,1,2,2,0,1,1,1,3345,323.224557341176,-1714.734718,-1824.808229,1,0,1,1,11,11
"124",124,3346,2053.06111,3626.904884,1573.843774,1951.01913808443,1624.909322,2049.865044,424.955722,168.7290057,3199.248657,3030.5196513,678,688,10,28.10475824,85.29449394,533,0.338661313660984,53.3,0,0,1,1,1,1,1,1,1,3346,1951.01913808443,3199.248657,168.7290057,1,1,7,7,1,7
"125",125,3347,2574.2439,3503.354568,929.110668,1490.77230192857,1334.253082,1592.836237,258.583155,2076.347861,3178.240074,1101.892213,678,681,3,24.87889746,36.80389036,98,0.105477208878631,32.6666666666667,0,0,1,1,1,1,1,1,1,3347,1490.77230192857,3178.240074,2076.347861,1,1,3,3,1,3
"126",126,3348,1810.444658,2903.67118,1093.226522,1817.59977929668,1639.747896,2062.88139,423.133494,-1061.69026,2358.092424,3419.782684,678,689,11,35.58493382,118.7920571,573,0.524136570481044,52.0909090909091,0,0,1,1,1,1,1,1,1,3348,1817.59977929668,2358.092424,-1061.69026,1,1,8,8,3,10
"127",127,3349,2243.496663,2637.012375,393.515712,2053.26039619014,2022.555908,2120.058601,97.5026930000001,-1568.51575,-879.8646866,688.6510634,688,690,2,113.0905362,127.1084817,142,0.360849632352164,71,0,0,1,2,1,0,1,1,1,3349,2053.26039619014,-879.8646866,-1568.51575,1,1,3,3,9,11
"128",128,3350,1902.15143,2460.196388,558.044958,1961.72010240064,1886.732948,2089.980507,203.247559,-1473.274119,-38.52710674,1434.74701226,688,692,4,91.16060874,126.7872033,312,0.559094738743254,78,0,0,1,2,1,1,1,1,1,3350,1961.72010240064,-38.52710674,-1473.274119,1,1,2,2,8,10
"129",129,3351,1278.233989,9484.109569,8205.87558,1238.20931924896,1012.666864,2039.863395,1027.196531,356.5344772,9285.629695,8929.0952178,672,691,19,9.283253318,73.80382764,241,0.029369199867883,12.6842105263158,1,0,1,1,1,1,1,1,0,3351,1238.20931924896,9285.629695,356.5344772,1,1,5,10,1,7
"130",130,3352,810.856728,2912.057005,2101.200277,916.675871014227,607.9101066,1132.303563,524.3934564,-2729.289145,948.3518042,3677.6409492,691,701,10,33.77054529,160.0821625,485,0.23082045310429,48.5,1,0,1,2,1,1,1,1,1,3352,916.675871014227,948.3518042,-2729.289145,1,1,6,8,6,11
"131",131,3353,737.3270385,1437.092406,699.7653675,290.064112871676,183.2500226,364.8978022,181.6477796,711.5713351,1410.275179,698.7038439,706,708,2,11.08613212,16.84474401,173,0.247225724556882,86.5,0,0,1,2,2,0,1,1,1,3353,290.064112871676,1410.275179,711.5713351,1,0,2,2,5,6
"132",132,3354,8157.7431,10132.16195,1974.41885,5968.23747765546,5632.147976,6338.184037,706.036061,5273.784449,8214.861089,2941.07664,702,708,6,35.82870327,49.72359274,238,0.120541798919718,39.6666666666667,1,0,1,2,1,1,1,1,0,3354,5968.23747765546,8214.861089,5273.784449,0,1,0,6,Inf,-Inf
"133",133,3355,9772.080794,11508.31987,1736.239076,7255.32007957983,6854.201974,7735.85304,881.651066,6154.50282,9054.854675,2900.351855,702,708,6,37.1825458,50.96430002,238,0.137077896293126,39.6666666666667,1,0,1,2,1,1,1,1,0,3355,7255.32007957983,9054.854675,6154.50282,0,1,0,5,Inf,-Inf
"134",134,3356,2484.675012,2717.774923,233.099911,2549.18106969218,2472.40992,2675.758675,203.348755,-692.2129138,246.5747361,938.7876499,711,714,3,84.3047244,104.7557519,588,2.52252348564818,196,0,0,1,2,1,1,1,1,1,3356,2549.18106969218,246.5747361,-692.2129138,1,1,3,3,7,9
"135",135,3360,4865.972615,6718.66772,1852.695105,3840.87710558333,3686.936013,3951.058576,264.122563,3135.529191,5514.461326,2378.932135,248,256,8,34.83835658,51.02613714,60,0.0323852531579933,7.5,0,0,1,2,2,1,1,1,1,3360,3840.87710558333,5514.461326,3135.529191,0,1,1,6,1,1
"136",136,3361,17933.55819,22024.76873,4091.21054,6130.70511003333,5337.438581,6551.132641,1213.69406,16699.3427,21368.25185,4668.90915,238,250,12,14.02457769,21.38074436,60,0.0146655859954839,5,1,0,1,2,2,1,1,1,0,3361,6130.70511003333,21368.25185,16699.3427,0,1,0,0,Inf,-Inf
"137",137,3364,11766.40606,17414.30154,5647.89548,3902.07077352518,2158.869828,5262.664848,3103.79502,10523.90946,17178.75619,6654.84673,284,300,16,8.003518339,26.5681535,278,0.049221874056352,17.375,1,0,1,2,2,1,1,1,0,3364,3902.07077352518,17178.75619,10523.90946,0,1,0,5,Inf,-Inf
"138",138,3366,2509.478099,2711.298505,201.820406,2502.70923825424,2336.760999,2632.590395,295.829396,-701.5747184,1375.022769,2076.5974874,287,294,7,59.52614364,105.2436597,295,1.46169560277269,42.1428571428571,0,0,1,1,1,1,1,1,1,3366,2502.70923825424,1375.022769,-701.5747184,1,1,5,5,5,9
"139",139,3367,1744.422316,3505.847887,1761.425571,1757.41961879683,1536.235697,1932.052632,395.816935,-1810.213106,3150.091261,4960.304367,285,299,14,26.03517847,135.8600851,758,0.430333255335715,54.1428571428571,0,0,1,2,2,1,1,1,1,3367,1757.41961879683,3150.091261,-1810.213106,1,1,6,6,1,11
"140",140,3376,1522.197305,2315.442259,793.244954,683.848491587619,623.137967,759.3344402,136.1964732,1382.745475,2203.994247,821.248772,360,362,2,17.54125938,24.82611034,105,0.132367687270533,52.5,0,0,1,2,1,0,1,1,1,3376,683.848491587619,2203.994247,1382.745475,1,1,3,3,3,5
"141",141,3380,4760.351501,5394.350773,633.999272,3793.97688885714,3735.585344,4009.564992,273.979648,2565.995906,3864.880826,1298.88492,359,363,4,44.2363622,57.38205163,35,0.0552051107087076,8.75,0,0,1,2,2,1,1,1,1,3380,3793.97688885714,3864.880826,2565.995906,0,1,2,3,1,2
"142",142,3381,2818.705132,3546.840545,728.135413,2734.67226066225,2586.737494,2823.608112,236.870618,311.2191269,2240.885184,1929.6660571,359,365,6,50.81715042,83.66095858,151,0.207379008497695,25.1666666666667,0,0,1,2,2,1,1,1,1,3381,2734.67226066225,2240.885184,311.2191269,1,1,5,5,3,7
"143",143,3384,6929.463822,7816.068811,886.604989,6529.10241993562,6296.854309,6848.729855,551.875545999999,2149.304892,3917.934236,1768.629344,378,385,7,58.29403215,72.06904839,233,0.262800235607517,33.2857142857143,1,0,1,2,2,1,1,1,1,3384,6529.10241993562,3917.934236,2149.304892,0,1,3,4,1,3
"144",144,3385,3811.213281,5753.326187,1942.112906,3730.02103083191,3440.55362,3828.193833,387.640213,181.0618262,4611.220338,4430.1585118,380,401,21,36.72760739,87.27701782,934,0.480919516632881,44.4761904761905,0,0,1,2,1,1,1,1,1,3385,3730.02103083191,4611.220338,181.0618262,0,1,7,10,1,7
"145",145,3387,290.535305,478.2697365,187.7344315,194.508375210606,151.6872412,235.9721313,84.2848901,169.493117,447.4684408,277.9753238,385,387,2,20.674957,54.31123956,66,0.351560443508734,33,0,0,1,2,2,0,1,1,1,3387,194.508375210606,447.4684408,169.493117,1,0,1,1,7,7
"146",146,3390,2540.19994,2680.508187,140.308247,2208.90214013208,2159.954363,2298.981659,139.027296,-1423.788642,-1247.033818,176.754824,411,412,1,118.8186538,123.3919299,53,0.37773973471424,53,0,0,1,1,2,0,1,1,1,3390,2208.90214013208,-1247.033818,-1423.788642,1,1,1,1,10,10
"147",147,3391,14123.46657,14175.9824,52.5158300000003,7089.20564223077,6658.180764,7438.218383,780.037619000001,-12515.07515,-12006.04911,509.026040000001,413,413,0,148.220214,151.9865032,13,0.247544407086395,Inf,1,0,1,2,2,0,1,1,1,3391,7089.20564223077,-12006.04911,-12515.07515,0,1,0,1,Inf,-Inf
"148",148,3392,31566.85184,32363.32756,796.475720000002,5512.1968475,4272.731122,6445.995901,2173.264779,30985.55207,31812.97464,827.422569999999,417,420,3,7.779150894,11.51410751,20,0.0251106210745507,6.66666666666667,1,0,1,2,2,1,1,1,0,3392,5512.1968475,31812.97464,30985.55207,0,1,0,0,Inf,-Inf
"149",149,3396,2029.842546,2212.696628,182.854082,651.261016415686,603.7979258,713.797818,109.9998922,1907.483247,2116.725688,209.242441,452,453,1,16.5725661,19.99545222,51,0.2789109187073,51,0,0,1,1,1,0,1,1,1,3396,651.261016415686,2116.725688,1907.483247,1,1,2,2,3,4
"150",150,3397,2745.269485,5243.694497,2498.425012,1627.7537794069,1484.21086,2021.861162,537.650302,-4931.81403,-2202.454841,2729.359189,462,469,7,141.2094756,161.1300638,435,0.174109688267882,62.1428571428571,1,0,1,2,2,1,1,1,1,3397,1627.7537794069,-2202.454841,-4931.81403,1,1,0,4,Inf,-Inf
"151",151,3400,6410.174929,7082.050178,671.875249000001,5620.57499775362,5416.035599,5710.348496,294.312897,-4563.112218,-2955.675579,1607.436639,477,481,4,117.4575884,130.1148168,69,0.102697636358383,17.25,0,0,1,2,2,1,1,1,1,3400,5620.57499775362,-2955.675579,-4563.112218,0,1,0,5,Inf,-Inf
"152",152,3402,2881.403067,2935.256663,53.8535959999999,2505.85574162857,2471.77602,2608.98024,137.20422,1328.381164,1564.696904,236.31574,482,482,0,57.7869111,62.72814998,35,0.649910174986273,Inf,0,0,1,2,2,0,1,1,1,3402,2505.85574162857,1564.696904,1328.381164,1,1,2,2,4,5
"153",153,3405,3513.559803,3668.338966,154.779163,3545.77550850617,3507.842903,3615.830733,107.98783,-873.2342676,-73.06464468,800.16962292,490,492,2,91.18701425,103.8423712,243,1.56997877033358,121.5,0,1,0,2,1,0,1,1,1,3405,3545.77550850617,-73.06464468,-873.2342676,0,1,2,2,8,9
"154",154,3411,4936.722874,6159.72223,1222.999356,4843.54617934204,4634.879023,4929.06495,294.185927,794.9269071,3934.332176,3139.4052689,7,15,8,50.30364656,80.73373757,421,0.344235667774137,52.625,0,0,1,2,1,1,1,1,1,3411,4843.54617934204,3934.332176,794.9269071,0,1,4,5,1,6
"155",155,3431,7258.531174,14152.99081,6894.459636,4576.09152972464,4239.842247,4916.00343,676.161183,5364.283212,13376.50868,8012.225468,608,625,17,18.93362418,42.35103533,138,0.020016071931065,8.11764705882353,1,1,0,2,2,1,1,1,0,3431,4576.09152972464,13376.50868,5364.283212,0,1,0,6,Inf,-Inf
"156",156,3432,1798.148906,2791.816305,993.667399,1892.33374009051,1773.993714,2086.291666,312.297952,-1889.436107,293.7444296,2183.1805366,622,628,6,80.59809002,132.5923177,453,0.455886950156448,75.5,0,1,0,2,1,1,1,1,1,3432,1892.33374009051,293.7444296,-1889.436107,1,1,4,4,7,11
"157",157,3435,2019.28785,3284.800516,1265.512666,1487.98067583333,1337.025574,1562.876742,225.851168,1453.388656,2934.981671,1481.593015,632,637,5,26.68312266,43.96591744,24,0.0189646462218814,4.8,0,0,1,2,2,1,1,1,1,3435,1487.98067583333,2934.981671,1453.388656,1,1,3,3,2,5
"158",158,3437,2696.11033,6735.280456,4039.170126,2049.11576095775,1688.299353,2634.395947,946.096594,1912.130687,6497.154976,4585.024289,639,651,12,14.84613504,44.83828286,142,0.0351557363444414,11.8333333333333,1,0,1,2,1,1,1,1,1,3437,2049.11576095775,6497.154976,1912.130687,1,1,4,8,1,4
"159",159,3438,2151.459108,2593.964421,442.505313,1945.81170658947,1837.469808,2034.056669,196.586861,752.2938374,1697.616755,945.3229176,645,648,3,48.98000712,69.53308794,95,0.214686687840966,31.6666666666667,0,0,1,2,2,1,1,1,1,3438,1945.81170658947,1697.616755,752.2938374,1,1,3,3,4,6
"160",160,3439,10918.66559,10971.90212,53.2365300000001,9762.83649850617,9655.263001,9874.787965,219.524964,4658.950624,5211.384895,552.434271,658,658,0,61.64226601,64.74196295,81,1.52151163871875,Inf,0,0,1,2,2,0,0,1,1,3439,9762.83649850617,5211.384895,4658.950624,0,1,0,2,Inf,-Inf
"161",161,3440,1388.998963,4086.475951,2697.476988,976.815912894944,845.095425,1227.108701,382.013276,954.2839388,3920.851821,2966.5678822,660,667,7,16.36827685,46.60455271,356,0.13197517590834,50.8571428571429,0,0,1,2,2,1,1,1,1,3440,976.815912894944,3920.851821,954.2839388,1,1,5,6,1,6
"162",162,3441,933.3412961,1048.653709,115.3124129,895.959548138089,762.6405418,1048.423359,285.7828172,21.07487895,648.8164316,627.74155265,668,669,1,50.5336805,88.79908449,743,6.44336530052786,743,0,0,1,2,2,0,1,1,1,3441,895.959548138089,648.8164316,21.07487895,1,1,2,2,6,7
